trend_ema,atr_mult,total_profit,win_rate,trades
100,1.5,18.0,46.42857142857143,112
100,2.0,8.0,35.714285714285715,112
100,2.5,3.5,29.464285714285715,112
200,1.5,3.5,41.08527131782946,129
200,2.0,-6.0,31.782945736434108,129
200,2.5,-13.5,25.581395348837212,129
