trend_ema,atr_mult,total_profit,win_rate,trades
100,1.5,20.5,48.03921568627451,102
100,2.0,15.0,38.23529411764706,102
100,2.5,13.5,32.35294117647059,102
200,1.5,22.5,48.57142857142857,105
200,2.0,21.0,40.0,105
200,2.5,21.0,34.285714285714285,105
