trend_ema,atr_mult,total_profit,win_rate,trades
100,1.5,26.5,50.0,106
100,2.0,23.0,40.56603773584906,106
100,2.5,23.5,34.90566037735849,106
200,1.5,27.5,50.0,110
200,2.0,31.0,42.72727272727273,110
200,2.5,33.5,37.27272727272727,110
