trend_ema,atr_mult,total_profit,win_rate,trades
100,1.5,14.5,43.67088607594937,158
100,2.0,2.0,33.75796178343949,157
100,2.5,-5.5,27.564102564102566,156
200,1.5,11.5,42.857142857142854,161
200,2.0,2.0,33.75,160
200,2.5,-1.5,28.30188679245283,159
